{
    "loss": 5.081970691680908,
    "accuracy": 0.5179855823516846
}