{
    "loss": 19.643159866333008,
    "accuracy": 0.5467625856399536
}